[
  {
    "id": "0fb0a81b-2c04-40f0-9cd8-22991721a4d3",
    "data": [
      {
        "text": "So who do you think is cool?",
        "userDefined": false
      }
    ],
    "isTemplate": false,
    "count": 0,
    "lang": "en",
    "updated": 0
  },
  {
    "id": "dec50a85-2989-4d30-8715-fb7646b96c3f",
    "data": [
      {
        "text": "So whats on your mind?",
        "userDefined": false
      }
    ],
    "isTemplate": false,
    "count": 0,
    "lang": "en",
    "updated": 0
  },
  {
    "id": "bd3304b5-0443-43bd-baad-29888da51856",
    "data": [
      {
        "text": "So what are you thinking right now?",
        "userDefined": false
      }
    ],
    "isTemplate": false,
    "count": 0,
    "lang": "en",
    "updated": 0
  },
  {
    "id": "5a8d8a00-c0d4-4c72-8235-398b088c8988",
    "data": [
      {
        "text": "Whats on your mind?",
        "userDefined": false
      }
    ],
    "isTemplate": false,
    "count": 0,
    "lang": "en",
    "updated": 0
  },
  {
    "id": "32df6879-a36d-4bd5-a134-87ae7cdbf7eb",
    "data": [
      {
        "text": "What are you thinking about?",
        "userDefined": false
      }
    ],
    "isTemplate": false,
    "count": 0,
    "lang": "en",
    "updated": 0
  },
  {
    "id": "3b0df68f-fd0b-4e10-a483-a20e4956be5d",
    "data": [
      {
        "text": "Who is the coolest person you know?",
        "userDefined": false
      }
    ],
    "isTemplate": false,
    "count": 0,
    "lang": "en",
    "updated": 0
  }
]