[
  {
    "id": "d7ed8dbf-11cb-4053-a84e-b3ee47b534f6",
    "data": [
      {
        "text": "Call you tell me the team members?",
        "userDefined": false
      }
    ],
    "isTemplate": false,
    "count": 0,
    "lang": "en",
    "updated": 0
  },
  {
    "id": "57c1f86a-09e6-4326-8805-a4ca543c8363",
    "data": [
      {
        "text": "Can you tell me who is in the Smart Vehicle Club?",
        "userDefined": false
      }
    ],
    "isTemplate": false,
    "count": 0,
    "lang": "en",
    "updated": 0
  },
  {
    "id": "eb5a1890-c227-42c5-92a1-26b6efb96b9e",
    "data": [
      {
        "text": "Can you tell me who is on the team?",
        "userDefined": false
      }
    ],
    "isTemplate": false,
    "count": 0,
    "lang": "en",
    "updated": 0
  },
  {
    "id": "f32a269b-aaec-473c-a2cb-dea25f5fc457",
    "data": [
      {
        "text": "Who are the team members?",
        "userDefined": false
      }
    ],
    "isTemplate": false,
    "count": 0,
    "lang": "en",
    "updated": 0
  },
  {
    "id": "c953441e-adb0-4c02-b50a-57a2e5068d84",
    "data": [
      {
        "text": "What are the names of people in the smart vehicle club?",
        "userDefined": false
      }
    ],
    "isTemplate": false,
    "count": 0,
    "lang": "en",
    "updated": 0
  },
  {
    "id": "543d0cdd-9879-41fe-a6cd-af62af3c3904",
    "data": [
      {
        "text": "What are the names of the people on the team?",
        "userDefined": false
      }
    ],
    "isTemplate": false,
    "count": 0,
    "lang": "en",
    "updated": 0
  },
  {
    "id": "7d47379d-75d7-45ca-97a8-bf8b971dedb7",
    "data": [
      {
        "text": "What does the team look like?",
        "userDefined": false
      }
    ],
    "isTemplate": false,
    "count": 0,
    "lang": "en",
    "updated": 0
  },
  {
    "id": "cece2e85-c0c6-410f-a977-2e0ab52f8fe8",
    "data": [
      {
        "text": "Who are the members?",
        "userDefined": false
      }
    ],
    "isTemplate": false,
    "count": 0,
    "lang": "en",
    "updated": 0
  },
  {
    "id": "a66f105f-cc8b-4ddc-8de9-4a260b0e4e65",
    "data": [
      {
        "text": "Who\u0027s on the team?",
        "userDefined": false
      }
    ],
    "isTemplate": false,
    "count": 0,
    "lang": "en",
    "updated": 0
  },
  {
    "id": "efb74c75-b7d1-4062-82f3-3827b0c9e0ec",
    "data": [
      {
        "text": "Who are the members of the smart vehicle club?",
        "userDefined": false
      }
    ],
    "isTemplate": false,
    "count": 0,
    "lang": "en",
    "updated": 0
  },
  {
    "id": "1ea4911c-c219-4119-99e8-ad8d6310f8f1",
    "data": [
      {
        "text": "Who is in the smart vehicle club?",
        "userDefined": false
      }
    ],
    "isTemplate": false,
    "count": 0,
    "lang": "en",
    "updated": 0
  }
]